year,linea_propuesta,title,source,url,http_status,already_in_canonical
2025,"Inducción y control de personalidad","Persona-judge: Personalized Alignment of Large Language Models via Token-level Self-judgment",ACL Anthology,https://aclanthology.org/2025.acl-long.598/,200,no
2025,"Aplicaciones, sesgos y consecuencias sociales","How Personality Traits Shape LLM Risk-Taking Behaviour",ACL Anthology,https://aclanthology.org/2025.findings-naacl.68/,200,no
2025,"Inducción y control de personalidad","Enhancing Persona Consistency for LLMs’ Role-Playing using Persona-Aware Contrastive Learning",ACL Anthology,https://aclanthology.org/2025.acl-long.756/,200,no
2025,"Evaluación y validación psicométrica","Modeling, Evaluating, and Embodying Personality in LLMs: A Survey",ACL Anthology,https://aclanthology.org/2025.findings-acl.607/,200,no
2025,"Evaluación y validación psicométrica","Decoding Emergent Big Five Traits in Large Language Models: Temperature-Dependent Expression and Architectural Clustering",ACL Anthology,https://aclanthology.org/2025.findings-acl.240/,200,no
2025,"Inducción y control de personalidad","Character is Destiny: Can Persona-assigned Language Models Make Personal Choices?",ACL Anthology,https://aclanthology.org/2025.acl-long.724/,200,no
2025,"Evaluación y validación psicométrica","Automatic Scoring of an Open-Response Measure of Advanced Mind-Reading Using Large Language Models",ACL Anthology,https://aclanthology.org/2025.clpsych-1.7/,200,no
2025,"Aplicaciones, sesgos y consecuencias sociales","Beyond Demographics: Enhancing Cultural Value Survey Simulation with Multi-Stage Personality-Driven Cognitive Reasoning",ACL Anthology,https://aclanthology.org/2025.acl-srw.12/,200,no
2025,"Inducción y control de personalidad","Persona-DB: Efficient Large Language Model Personalization for Response Prediction with Collaborative Data Refinement",ACL Anthology,https://aclanthology.org/2025.acl-industry.32/,200,no
2026,"Evaluación y validación psicométrica","From Five Dimensions to Many: Large Language Models as Precise and Interpretable Psychological Profilers",OpenReview,https://openreview.net/forum?id=B3VJe4xAqc,200,no
2026,"Inducción y control de personalidad","Your Language Model Secretly Contains Personality Subnetworks",OpenReview,https://openreview.net/forum?id=YVCfQV5v8A,200,no
2026,"Evaluación y validación psicométrica","Can LLMs Discern the Traits Influencing Your Preferences? Evaluating Personality-Driven Preference Alignment in LLMs",arXiv,https://arxiv.org/abs/2602.07181,200,no
2026,"Aplicaciones, sesgos y consecuencias sociales","Can LLMs Truly Embody Human Personality? Analyzing AI and Human Behavior Alignment in Dispute Resolution",arXiv,https://arxiv.org/abs/2602.07414,200,no
2026,"Aplicaciones, sesgos y consecuencias sociales","AI-exhibited Personality Traits Can Shape Human Self-concept through Conversations",arXiv,https://arxiv.org/abs/2601.12727,200,no
2026,"Evaluación y validación psicométrica","Stable and Explainable Personality Trait Evaluation in Large Language Models with Internal Activations",arXiv,https://arxiv.org/abs/2601.09833,200,no
2026,"Inducción y control de personalidad","Structured Personality Control and Adaptation for LLM Agents",arXiv,https://arxiv.org/abs/2601.10025,200,no
2026,"Evaluación y validación psicométrica","PTCBENCH: Benchmarking Contextual Stability of Personality Traits in LLM Systems",arXiv,https://arxiv.org/abs/2602.00016,200,no
2026,"Aplicaciones, sesgos y consecuencias sociales","The Personality Trap: How LLMs Embed Bias When Generating Human-Like Personas",arXiv,https://arxiv.org/abs/2602.03334,200,no
2026,"Aplicaciones, sesgos y consecuencias sociales","Multi-Persona Thinking for Bias Mitigation in Large Language Models",arXiv,https://arxiv.org/abs/2601.15488,200,no
2026,"Aplicaciones, sesgos y consecuencias sociales","Political Alignment in Large Language Models: A Multidimensional Audit of Psychometric Identity and Behavioral Bias",arXiv,https://arxiv.org/abs/2601.06194,200,no
2026,"Evaluación y validación psicométrica","Personality Expression Across Contexts: Linguistic and Behavioral Variation in LLM Agents",arXiv,https://arxiv.org/abs/2602.01063,200,no
2026,"Evaluación y validación psicométrica","Beyond Fixed Psychological Personas: State Beats Trait, but Language Models are State-Blind",arXiv,https://arxiv.org/abs/2601.15395,200,no
2026,"Inducción y control de personalidad","Effects of personality steering on cooperative behavior in Large Language Model agents",arXiv,https://arxiv.org/abs/2601.05302,200,no
2026,"Inducción y control de personalidad","Persona Prompting as a Lens on LLM Social Reasoning",arXiv,https://arxiv.org/abs/2601.20757,200,no
2026,"Evaluación y validación psicométrica","Large Language Models as Simulative Agents for Neurodivergent Adult Psychometric Profiles",arXiv,https://arxiv.org/abs/2601.15319,200,no
2026,"Aplicaciones, sesgos y consecuencias sociales","Culturally Grounded Personas in Large Language Models: Characterization and Alignment with Socio-Psychological Value Frameworks",arXiv,https://arxiv.org/abs/2601.22396,200,no
2026,"Aplicaciones, sesgos y consecuencias sociales","When LLMs Imagine People: A Human-Centered Persona Brainstorm Audit for Bias and Fairness in Creative Applications",arXiv,https://arxiv.org/abs/2602.00044,200,no
2026,"Aplicaciones, sesgos y consecuencias sociales","When Personas Override Payoffs: Role Identity Bias in Multi-Agent LLM Decision-Making",arXiv,https://arxiv.org/abs/2601.10102,200,no
2026,"Inducción y control de personalidad","PATS: Personality-Aware Teaching Strategies with Large Language Model Tutors",arXiv,https://arxiv.org/abs/2601.08402,200,no
2026,"Aplicaciones, sesgos y consecuencias sociales","Personality as Relational Infrastructure: User Perceptions of Personality-Trait-Infused LLM Messaging",arXiv,https://arxiv.org/abs/2602.06596,200,no
2026,"Evaluación y validación psicométrica","Stable Personas: Dual-Assessment of Temporal Stability in LLM-Based Human Simulation",arXiv,https://arxiv.org/abs/2601.22812,200,no
2026,"Aplicaciones, sesgos y consecuencias sociales","The Persona Paradox: Medical Personas as Behavioral Priors in Clinical Language Models",arXiv,https://arxiv.org/abs/2601.05376,200,no
2026,"Evaluación y validación psicométrica","From Classification to Ranking: Enhancing LLM Reasoning Capabilities for MBTI Personality Detection",arXiv,https://arxiv.org/abs/2601.18582,200,no
2025,"Evaluación y validación psicométrica","AIPsychoBench: Understanding the Psychometric Differences between LLMs and Humans",arXiv,https://arxiv.org/abs/2509.16530,200,no
2025,"Evaluación y validación psicométrica","Adaptive Testing for LLM Evaluation: A Psychometric Alternative to Static Benchmarks",arXiv,https://arxiv.org/abs/2511.04689,200,no
2025,"Evaluación y validación psicométrica","Can LLMs Infer Personality from Real World Conversations?",arXiv,https://arxiv.org/abs/2507.14355,200,no
2025,"Inducción y control de personalidad","Activation-Space Personality Steering: Hybrid Layer Selection for Stable Trait Control in LLMs",arXiv,https://arxiv.org/abs/2511.03738,200,no
2025,"Evaluación y validación psicométrica","Ask, Answer, and Detect: Role-Playing LLMs for Personality Detection with Question-Conditioned Mixture-of-Experts",arXiv,https://arxiv.org/abs/2512.08814,200,no
2025,"Evaluación y validación psicométrica","A Comparative Study of Large Language Models and Human Personality Traits",arXiv,https://arxiv.org/abs/2505.14845,200,no